Master SKU,SRPIN,Product Name,Available Inventory - Good,Quantity used in the last 30 days,Txn 2-3 Months,Status
TB_UGC_LIBM_EN,IPXQ-244825436,UGC NET/SET/JRF Paper 2 Library Science | 2000+ PYQs & MCQs | Updated Syllabus | Testbook,39,11,11,Active
TB_UGC_PSYB_EN,IPXQ-244825433,UGC NET Psychology Paper 2 | June 2025 Solved PYP Booklet (100 MCQs),28,11,14,Active
TB_UGC_CSCB_EN,IPXQ-244825430,UGC NET Computer Science Paper 2 | June 2025 Solved PYP Booklet (100 MCQs),15,23,29,Active
TB_UGC_MGTB_EN,IPXQ-244825427,UGC NET Management Paper 2 | June 2025 Solved PYP Booklet (100 MCQs),45,29,32,Active
TB_UGC_EVSB_EN,IPXQ-244825426,UGC NET Environmental Science (EVS) Paper 2 | June 2025 Solved PYP Booklet (100 MCQs),23,11,13,Active
TB_UGC_LAWB_EN,IPXQ-244825424,UGC NET Law Paper 2 | June 2025 Solved PYP Booklet (100 MCQs),77,31,36,Active
TB_UGC_HSCB_EN,IPXQ-244825423,UGC NET Home Science Paper 2 | June 2025 Solved PYP Booklet (100 MCQs),23,26,28,Active
TB_UGC_HINB_HI,IPXQ-244825420,UGC NET Hindi Paper 2 | June 2025 Solved PYP Booklet (100 MCQs),20,17,20,Active
TB_UGC_POLB_EN,IPXQ-244825418,UGC NET Political Science Paper 2 | June 2025 Solved PYP Booklet (100 MCQs),239,136,143,Active
TB_UGC_COMB_EN,IPXQ-244825410,UGC NET Commerce Paper 2 | June 2025 Solved PYP Booklet (100 MCQs),116,31,35,Active
TB_UGC_ECOB_EN,IPXQ-244825407,UGC NET Economics Paper 2 | June 2025 Solved PYP Booklet (100 MCQs),34,16,19,Active
TB_UGC_EDUB_EN,IPXQ-244825403,UGC NET Education Paper 2 | June 2025 Solved PYP Booklet (100 MCQs),40,37,41,Active
TB_UGC_ENGB_EN,IPXQ-244825402,UGC NET English Paper 2 | June 2025 Solved PYP Booklet (100 MCQs),74,51,52,Active
TB_UGC_GEOB_EN,IPXQ-244825397,UGC NET Geography Paper 2 | June 2025 Solved PYP Booklet (100 MCQs),13,22,22,Active
TB_UGC_HISB_EN,IPXQ-244825395,UGC NET History Paper 2 | June 2025 Solved PYP Booklet (100 MCQs),145,76,78,Active
TB_UGC_SOCB_EN,IPXQ-244825392,UGC NET Sociology Paper 2 | June 2025 Solved PYP Booklet (100 MCQs),29,21,23,Active
TB_SSC_GD_26_MR,IPXQ-242874955,"SSC GD Constable 2026 SmartBook (Marathi) | 5000+ PYQs & MCQs | CRPF, BSF, CISF, ITBP, SSB, SSF, AR | Testbook",254,8,8,Active
TB_GEN_CA_26_HI,IPXQ-242801327,"Pragyan Yearly Current Affairs 2026 (Hindi) | JanтDec 2025 | 365 Exam-Focused Questions | SSC, Banking, Railway & State Exams | Testbook",454,57,63,Active
TB_SSC_GD_26_BN,IPXQ-242774245,"SSC GD Constable 2026 SmartBook (Bengali) | 5000+ PYQs & MCQs | CRPF, BSF, CISF, ITBP, SSB, SSF, AR | Testbook",252,47,48,Active
TB_CA_JAN_26_EN,IPXQ-242019700,Pragyan Monthly Current Affairs т January 2026,142,124,137,Active
TB_UGC_P1N_EN,IPXQ-241749536,NTA UGC NET Paper 1  т Teaching & Research Aptitude (Compulsory) | 3000+ PYQs | New | Latest Edition,378,127,141,Active
TB_UGC_P1N_HI,IPXQ-241742228,NTA UGC NET Paper 1 т Teaching & Research Aptitude (рЄрЄЈрЄПрЄЕрЄОрЄАрЅрЄЏ) | Hindi Medium | 3000+ PYQs | New |Latest Edition,141,65,71,Active
TB_GEN_CA_26_EN,IPXQ-239458030,"Pragyan Yearly Current Affairs 2026 in English| JanтDec 2025 | 365 Exam-Focused Questions | SSC, Banking, Railway & State Exams",1296,624,898,Active
TB_SSC_GD_26_HI,IPXQ-239302600,SSC GD Constable 2026 Smartbook in Hindi | 5000+ PYQs & MCQs | Topic-wise Practice | Latest Exam Pattern,427,80,94,Active
TB_SSC_GD_26_EN,IPXQ-238719924,SSC GD Constable 2026 Smartbook in English | 5000+ PYQs & MCQs | Topic-wise Practice| Latest Exam Pattern,580,337,480,Active
TB_PSSSB_ENG_EN,IPXQ-238554561,PSSSB Exams: English Language with 2500+ Questions,42,3,7,Active
TB_CTET_CDPT_EN,IPXQ-236613970,CTET Paper 1 & 2 Child Development and Pedagogy Theory with PYQs,28,20,35,Active
TB_GEN_OCA_26_EN,IPXQ-234525718,Pragyan Odisha Current Affairs 2026 | Odisha + National Current Affairs Yearly Compilation | Government Exams Preparation Book,554,806,2815,Active
TB_CA_DEC_25_EN,IPXQ-234151190,Pragyan Monthly Current Affairs  December 2025,26,71,261,Active
TB_KVS_T1_HI,IPXQ-232146743,One Stop Solution for ALL KVS / NVS Tier-1 Exams (In Hindi),266,1,383,Active
TB_KVS_T1_EN,IPXQ-232106594,One Stop Solution for ALL KVS  NVS Tier-1 Exams In English,221,17,1679,Active
TBN_UP_GK_EN,IPXQ-230992951,Uttar Pradesh Exam General Knowledge - 3000+ Ques New in English,132,26,91,Active
TB_SB_RAIL_MR,IPXQ-230991988,"Railway All Exams Smartbook 5000+ Chapterwise TCS PYQs and MCQs| All-in-One| General Awareness, General Science, Mathematics, Reasoning in Marathi",218,128,313,Active
TB_MH_TAL_MR,IPXQ-229844382,Talathi Bharti 2026 (Gram Mahsul Adhikari) рЄЊрЄАрЅрЄрЅрЄЗрЄО рЄЎрЄЙрЄОрЄИрЄрЄрЅрЄАрЄЙ | 4000+ PYQs & MCQs | Based on Latest Exam Pattern,461,1135,3083,Active
TB_CA_NOV_25_EN,IPXQ-229434432,Pragyan Monthly Current Affairs т November 2025,34,34,174,Active
TBN_UP_GK_HI,IPXQ-228571651,UP GK Hindi,88,14,137,Active
TB_SB_RAIL_BN,IPXQ-228196896,"Railway All Exams Smartbook 5000+ Chapterwise TCS PYQs and MCQs| All-in-One| General Awareness, General Science, Mathematics, Reasoning in Bengali",347,513,995,Active
TB_RRB_PYP_ECE_HI,IPXQ-225798536,RRB JE Electronics Engineering Booklet in Hindi with Updated PYQs,95,15,53,Active
TB_RRB_PYP_ME_HI,IPXQ-225798534,RRB JE Mechanical Engineering Booklet in Hindi with Updated PYQs,79,18,55,Active
TB_RRB_PYP_EE_HI,IPXQ-225798533,RRB JE Electrical Engineering Booklet in Hindi with Updated PYQs,102,18,65,Active
TB_RRB_PYP_CE_HI,IPXQ-225798532,RRB JE Civil Engineering Booklet in Hindi with Updated PYQs,88,33,74,Active
TB_RRB_PYP_ECE_EN,IPXQ-225798531,RRB JE Electronics Engineering Booklet in English with Updated PYQs,130,53,154,Active
TB_RRB_PYP_ME_EN,IPXQ-225798528,RRB JE Mechanical Engineering Booklet in English with Updated PYQs,249,83,196,Active
TB_RRB_PYP_EE_EN,IPXQ-225798526,RRB JE Electrical Engineering Booklet in English with Updated PYQs,321,53,176,Active
TB_RRB_PYP_CE_EN,IPXQ-225798523,RRB JE Civil Engineering Booklet in English with Updated PYQs,412,58,213,Active
TB_CA_OCT_25_EN,IPXQ-225231631,Pragyan Monthly Current Affairs  October 2025,2,2,19,Active
TB_PFB_EN,IPXQ-221914564,Physics Formula Book,602,23,80,Active
TB_MFB_EN,IPXQ-221914562,Mathematics Formula Book,521,66,137,Active
TB_CA_SEP_25_EN,IPXQ-221231093,Pragyan Monthly Current Affairs яПН September 2025,59,6,15,Active
TB_BP_MB_BN,IPXQ-220650944,Bengal Police Ultimate Mockbook,2258,44,109,Active
TB_UGC_POLM_EN,IPXQ-219499442,UGC NET/SET/JRF Paper 2 Political Science | 2000+ PYQs & MCQs | Updated Syllabus | Testbook,244,164,213,Active
TB_UGC_PSYM_EN,IPXQ-219367006,UGC NET/SET/JRF Paper 2 Psychology | 2500+ PYQs & MCQs | Updated Syllabus | Testbook,41,25,37,Active
TB_UGC_CSCM_EN,IPXQ-219367004,UGC NET/SET/JRF Paper 2 Computer Science | 2000+ PYQs & MCQs | Updated Syllabus | Testbook,40,58,100,Active
TB_UGC_MGTM_EN,IPXQ-219367003,UGC NET/SET/JRF Paper 2 Management | 2000+ PYQs & MCQs | Updated Syllabus | Testbook,91,86,142,Active
TB_UGC_EVSM_EN,IPXQ-219367001,UGC NET/SET/JRF Paper 2 Environmental Science | 2000+ PYQs & MCQs | Updated Syllabus | Testbook,29,28,49,Active
TB_UGC_LWM_EN,IPXQ-219367000,UGC NET/SET/JRF Paper 2 Law | 2000+ PYQs & MCQs | Updated Syllabus | Testbook,78,58,106,Active
TB_UGC_HSM_EN,IPXQ-219366999,UGC NET/SET/JRF Paper 2 Home Science | 2000+ PYQs & MCQs | Updated Syllabus | Testbook,31,41,75,Active
TB_UGC_COMM_EN,IPXQ-219366996,UGC NET/SET/JRF Paper 2 Commerce | 2000+ PYQs & MCQs | Updated Syllabus | Testbook,147,48,79,Active
TB_UGC_ECOM_EN,IPXQ-219366995,UGC NET/SET/JRF Paper 2 Economics | 2500+ PYQs & MCQs | Updated Syllabus | Testbook,20,30,88,Active
TB_UGC_EDUM_EN,IPXQ-219366994,UGC NET/SET/JRF Paper 2 Education | 2000+ PYQs & MCQs | Updated Syllabus | Testbook,75,46,67,Active
TB_UGC_ENGM_EN,IPXQ-219366991,UGC NET/SET/JRF Paper 2 English | 2000+ PYQs & MCQs | Updated Syllabus | Testbook,83,75,104,Active
TB_UGC_GEOM_EN,IPXQ-219366990,UGC NET/SET/JRF Paper 2 Geography | 2000+ PYQs & MCQs | Updated Syllabus | Testbook,39,37,60,Active
TB_UGC_HISM_EN,IPXQ-219366989,UGC NET/SET/JRF Paper 2 History | 2000+ PYQs & MCQs | Updated Syllabus | Testbook,182,124,213,Active
TB_UGC_SOCM_EN,IPXQ-219366988,UGC NET/SET/JRF Paper 2 Sociology | 2500+ PYQs & MCQs | Updated Syllabus | Testbook,21,58,107,Active
TB_UGC_P1_EN,IPXQ-219346591,UGC NET Teaching and Research Aptitude Paper 1 (Compulsory) | 2500+ Chapterwise PYQs | Updated Syllabus | Testbook SmartBook,44,61,765,Active
TB_UGC_P1_HI,IPXQ-218790093,UGC NET Teaching and Research Aptitude Paper 1 (Compulsory) | UGC NET ?????? ??? ??? ??????? ???? 1 (????????) 2500+ Chapterwise PYQs | Updated Syllabus | Testbook SmartBook,3,25,61,Active
TB_UGC_HINM_HI,IPXQ-218789679,UGC NET/SET/JRF ???? 2 ????? | 2500+ PYQs ??? MCQs | ??????? ?????? | Testbook,53,29,48,Active
TB_SB_RAIL_EN,IPXQ-217977731,"Railway All Exams Smartbook 5000+ Chapterwise TCS PYQs and MCQs| All-in-One| General Awareness, General Science, Mathematics, Reasoning in English",224,937,2087,Active
TB_SB_RAIL_HI,IPXQ-217977721,"Railway All Exams Smartbook 5000+ Chapterwise TCS PYQs and MCQs| All-in-One| General Awareness, General Science, Mathematics, Reasoning in Hindi",125,233,490,Active
TB_SB_RAIL_RE_HI,IPXQ-217977694,Railway Exams - Reasoning Smartbook 4000+ Chapterwise TCS PYQs and MCQs in Hindi,363,28,86,Active
TB_SB_RAIL_RE_EN,IPXQ-217977680,Railway Exams - Reasoning Smartbook 4000+ Chapterwise TCS PYQs and MCQs in English,412,132,356,Active
TB_SB_RAIL_MAT_HI,IPXQ-217615737,Railway Exams - Mathematics Smartbook 4000+ Chapterwise TCS PYQs and MCQs in Hindi,362,43,104,Active
TB_SB_RAIL_GS_HI,IPXQ-217615734,Railway Exams - General Science Smartbook 4000+ Chapterwise TCS PYQs and MCQs in Hindi,440,97,242,Active
TB_SB_RAIL_GA_HI,IPXQ-217615727,Railway Exams - General Awareness Smartbook 4000+ Chapterwise TCS PYQs and MCQs in Hindi,382,31,84,Active
TB_SB_RAIL_MAT_EN,IPXQ-217615709,Railway Exams - Mathematics Smartbook 4000+ Chapterwise TCS PYQs and MCQs in English,348,147,403,Active
TB_SB_RAIL_GS_EN,IPXQ-217615685,Railway Exams - General Science Smartbook 4000+ Chapterwise TCS PYQs and MCQs in English,228,215,473,Active
TB_SB_RAIL_GA_EN,IPXQ-217615681,Railway Exams - General Awareness Smartbook 4000+ Chapterwise TCS PYQs and MCQs in English,284,139,394,Active
TB_CA_HY_25_HI,IPXQ-217570593,Pragyan Half Yearly Current Affairs 2025 Hindi (Jan - June),140,3,33,Active
TB_CA_AUG_25_EN,IPXQ-217165834,Pragyan Monthly Current Affairs  August 2025,22,4,9,Active
TB_JUD_LCSG_HI,IPXQ-216818694,Law on Contract and Sale of Goods Hindi,38,0,1,Active
TB_JUD_BSA_HI,IPXQ-216818693,Bhartiya Sakshya Adhiniyam Hindi,37,0,3,Active
TB_JUD_BNS_HI,IPXQ-216818692,Bhartiya Nyaya Sanhita Hindi,34,0,0,Not Required
TB_JUD_FL_HI,IPXQ-216818691,Family Law Hindi,18,7,27,Active
TB_JUD_MLT_HI,IPXQ-216818690,Minor Law - II Hindi,39,0,4,Active
TB_JUD_LAWT_HI,IPXQ-216818689,Law of Torts Hindi,32,1,7,Active
TB_JUD_LCWC_HI,IPXQ-216817250,Law on Crime Against Women and Children Hindi,41,0,0,Not Required
TB_JUD_CIPC_HI,IPXQ-216817249,Civil Procedure Code Hindi,32,7,8,Active
TB_JUD_BNSS_HI,IPXQ-216817242,Bhartiya Nagrik Suraksha Sanhita Hindi,25,1,8,Active
TB_JUD_JUR_HI,IPXQ-216817239,Jurisprudence Hindi,27,2,6,Active
TB_JUD_MCQ_HI,IPXQ-216817238,MCQ Handbook for Judiciary Aspirants: 2000+ Practice Questions Hindi,17,2,8,Active
TB_JUD_CAL_HI,IPXQ-216817236,Constitutional & Administrative Law Hindi,40,0,0,Not Required
TB_JUD_MLO_HI,IPXQ-216817235,Minor Law - I Hindi,16,3,7,Active
TB_JUD_PLAW_HI,IPXQ-216817234,Property Law Hindi,38,3,3,Active
TB_SB_SSC_CA_HI,IPXQ-214540384,SSC Computer Awareness Smartbook 3000+ MCQs in Hindi,462,11,42,Active
TB_SB_SSC_RE_HI,IPXQ-214540383,SSC Reasoning Smartbook 5000+ MCQs in Hindi,392,13,37,Active
TB_SB_SSC_QA_HI,IPXQ-214540382,SSC Quant Smartbook 5000+ MCQs in Hindi,446,10,30,Active
TB_SB_SSC_GK_HI,IPXQ-214540381,SSC GK Smartbook 5000+ MCQs in Hindi,435,14,50,Active
TB_CA_HY_25_EN,IPXQ-213757883,Pragyan Half Yearly Current Affairs 2025 (JanяПНJune),621,17,126,Active
TB_CA_JUL_25_EN,IPXQ-212777887,Pragyan Monthly Current Affairs яПН July 2025,64,0,3,Not Required
TB_SB_CTET_SM_HI,IPXQ-211662254,CTET & State TET Paper 2 Maths & Science Smartbook 3000+ MCQs in Hindi,299,88,419,Active
TB_SB_CTET_SS_HI,IPXQ-211662248,CTET & State TET Paper 2 SST Smartbook 3000+ MCQs in Hindi,254,38,199,Active
TB_SB_CTET_PONE_HI,IPXQ-211662232,CTET & State TET Paper 1 Smartbook 3000+ MCQs in Hindi,147,85,543,Active
TB_SB_CTET_SM_EN,IPXQ-211662222,CTET & State TET Paper 2 Math & Science Smartbook 3000+ MCQs in English,255,205,825,Active
TB_SB_CTET_SS_EN,IPXQ-211662213,CTET & State TET Paper 2 SST Smartbook 3000+ MCQs in English,514,76,262,Active
TB_SB_CTET_PONE_EN,IPXQ-211662208,CTET & State TET Paper 1 Smartbook 3000+ MCQs in English,267,35,145,Active
TB_SB_ATC_EN,IPXQ-209223669,AAI ATC Smartbook 3000+ MCQs in English,643,26,52,Active
PL_CPA_AUD_EN,IPXQ-209155605,CPA AUD- Auditing,28,16,17,Active
PL_CPA_REG_EN,IPXQ-209155604,CPA REG - Taxation & Regulation,28,16,17,Active
TB_CA_JUN_25_EN,IPXQ-208492838,Pragyan: Monthly Current Affairs June 2025,91,0,4,Not Required
TB_SB_BANK_ENG_EN,IPXQ-208462795,Banking English Smartbook 4000+ MCQs,482,347,796,Active
TB_SB_BANK_RE_EN,IPXQ-208462794,Banking Reasoning Smartbook 4000+ MCQs in English,373,349,784,Active
TB_SB_BANK_QA_EN,IPXQ-208462790,Banking Quant Smartbook 4000+ MCQs in English,356,373,866,Active
TB_SB_SSC_RE_EN,IPXQ-208297879,"SSC Reasoning SmartBook with 5000 Chapterwise PYQs MCQs The Ultimate Guide for SSC CGL, CHSL, GD, CPO Other Govt Exams",1166,58,111,Active
TB_SB_SSC_GK_EN,IPXQ-208008900,"SSC General Awareness SmartBook with 5000 Chapterwise PYQs  MCQs  The Ultimate Guide for SSC CGL, CHSL, GD, CPO  Other Govt Exams",1026,72,163,Active
TB_SB_JE_RE_HI,IPXQ-207705527,SSC JE Reasoning 5000+ Questions in Hindi,331,9,28,Active
TB_SB_JE_RE_EN,IPXQ-207705522,SSC JE Reasoning 5000+ Questions in English,124,23,55,Active
TB_SB_JE_GK_HI,IPXQ-207705515,SSC JE GK 5000+ Questions in Hindi,332,5,12,Active
TB_SB_JE_GK_EN,IPXQ-207705513,SSC JE GK 5000+ Questions in English,311,12,23,Active
TB_SB_SSC_QA_EN,IPXQ-207650833,"SSC Quantitative Aptitude SmartBook with 5000 Chapterwise PYQs MCQs The Ultimate Guide for SSC CGL, CHSL, GD, CPO Other Govt Exams",1138,61,134,Active
TB_SB_JE_EE_EN,IPXQ-207601628,SSC JE Electrical Engineering 3000+ Questions in English,545,67,209,Active
TB_SB_JE_ME_EN,IPXQ-207601529,SSC JE Mechanical Engineering 3000+ Questions in English,1015,50,127,Active
TB_SB_JE_CE_EN,IPXQ-207601338,SSC JE Civil Engineering 3000+ Questions in English,679,50,147,Active
TB_SB_SSC_EN_EN,IPXQ-207510962,"SSC English SmartBook with 5000 Chapterwise PYQs  MCQs 2025 Edition  Ideal for SSC CGL, CHSL, GD, CPO  Other Govt Exams",1069,74,167,Active
TB_SB_SSC_CA_EN,IPXQ-207414265,SSC Computer Knowledge SmartBook with 3000 Chapterwise PYQs  MCQs  The Ultimate Guide for SSC CGL and CHSL,659,64,177,Active
TB_CA_MAY_25_EN,IPXQ-206056136,Pragyan Monthly Current Affairs  May 2025,47,0,1,Not Required
PL_CFA_BOOKS_EN,IPXQ-206044725,CFA Six Books Set,3,0,0,Not Required
PL_CMA_FOUR_SET_EN,IPXQ-205672672,CMA Hock International,15,9,18,Active
TB_MPSC_IECO_MR,IPXQ-205351750,MPSC Indian Economy,40,1,1,Not Required
TB_MPSC_EDM_MR,IPXQ-205344922,MPSC Environment & Disaster Management,16,1,0,Not Required
TB_MPSC_PI_MR,IPXQ-205342071,MPSC Post Independence,23,1,1,Not Required
TB_MPSC_ISOC_MR,IPXQ-205337637,MPSC Indian Society,30,1,0,Not Required
TB_MPSC_HIS_MR,IPXQ-205337082,MPSC Maharashtra History,38,1,1,Not Required
TB_MPSC_AAC_MR,IPXQ-205336109,MPSC Art & culture,32,1,0,Not Required
TB_MPSC_MH_MR,IPXQ-205335917,MPSC Modern History,18,1,1,Not Required
TB_MPSC_IP_MR,IPXQ-205335678,MPSC Indian Polity,18,1,0,Not Required
TB_MPSC_ST_MR,IPXQ-205334887,MPSC Science & Technology,38,1,0,Not Required
TB_MPSC_WH_MR,IPXQ-205334320,MPSC World History,42,1,1,Not Required
TB_MPSC_IWG_MR,IPXQ-205333982,MPSC Indian & world Geography,25,1,1,Not Required
TB_MPSC_AMH_MR,IPXQ-205333523,MPSC Ancient and Medieval History,20,1,1,Not Required
TB_MPSC_ETH_MR,IPXQ-205333090,MPSC Ethics,28,1,0,Not Required
TB_MPSC_GEO_MR,IPXQ-205332787,Maharashtra Geography,26,1,0,Not Required
PL_CPA_FAR_EN,IPXQ-203841037,CPA FAR - Financial Accounting and Reporting Book,20,0,0,Not Required
TB_JUD_LCWC_EN,IPXQ-202951784,Law on Crime Against Women and Children,92,2,2,Not Required
TB_JUD_LCSG_EN,IPXQ-202951778,Law on Contract and Sale of Goods,110,5,9,Not Required
TB_MPSC_SJ_MR,IPXQ-202930056,MPSC Social Justice,760,2,3,Not Required
TB_MPSC_IS_MR,IPXQ-202929752,MPSC Internal Security,634,2,3,Not Required
TB_MPSC_IR_MR,IPXQ-202929584,MPSC International Relations,506,2,3,Not Required
TB_MPSC_IG_MR,IPXQ-202929247,MPSC Indian Governance,667,2,3,Not Required
TB_MPSC_FULLSET_MR,IPXQ-202122504,MPSC New Combo 2025 - Marathi,569,151,278,Active
TB_CA_APR_25_EN,IPXQ-201994316,Pragyan Monthly Current Affairs т April 2025,37,0,4,Not Required
TB_FOUR_BOX,IPXQ-201534139,Four Books Box,1024,0,N/A,Active
TB_SIX_BOX,IPXQ-201533697,Six Books Box,1004,0,N/A,Active
TB_RAIL_GK_MR,IPXQ-201139352,GK/GS Marathi 3500+ Qs,2579,183,510,Active
TB_SB_AEJE_ME_EN,IPXQ-200046391,AE/JE Mechanical Engineering SmartBook | 4500+ Chapterwise PYQs | The Ultimate Guide for All State AE/JE & PSU Exams,955,116,341,Active
TB_SB_AEJE_EE_EN,IPXQ-200046389,AE/JE Electrical Engineering SmartBook | 4500+ Chapterwise PYQs | The Ultimate Guide for All State AE/JE & PSU Exams,460,316,810,Active
TB_UGC_PONET_VONE_EN,IPXQ-198667894,UGC NET/SET/JRF Paper 1 Theory Book Volume 1,721,564,563,Active
TB_UGC_PONET_VTWO_EN,IPXQ-198667893,UGC NET/SET/JRF Paper 1 Theory Book Volume 2,777,560,554,Active
TB_UGC_PONE_HI,IPXQ-198667839,UGC NET/SET/JRF Hindi Paper 1,9,19,35,Active
TB_CSIR_MATSCM_EN,IPXQ-198667814,CSIR NET Mathematical Sciences (2019-2023) MCQs Book,189,1,1,Not Required
TB_CA_MAR_25_EN,IPXQ-198667810,Pragyan Monthly Current Affairs т March 2025,1,0,0,Not Required
TB_SB_AEJE_CE_EN,IPXQ-198667804,AE/JE Civil Engineering SmartBook | 4500+ Chapterwise PYQs | The Ultimate Guide for All State AE/JE & PSU Exams,773,572,1382,Active
PL_ACCA_AAA_EN,IPXQ-198445862,ACCA Advanced Audit & Assurance (AAA-INT/UK) Study Text [Up to June 2025] (PB) #9781839966699,1,1,1,Active
PL_ACCA_ATX_EN,IPXQ-198445861,ACCA Advanced Taxation (ATX) FA23 Study Text [Up to March 2025] (PB) #9781839963728,22,0,0,Not Required
PL_ACCA_APM_EN,IPXQ-198445860,ACCA Advanced Performance Management (APM) Study Text [Up to June 2025] (PB) #9781839966729,4,1,2,Active
PL_ACCA_FM_EN,IPXQ-198445859,ACCA Financial M...,54,7,29,Active
PL_ACCA_PM_EN,IPXQ-198445857,ACCA Performance Management (PM) Study Text [Up to June 2025] (PB) #9781839966668,96,3,14,Active
PL_ACCA_CBLWGLO_EN,IPXQ-198445856,ACCA Corporate & Business Law (LW-GLO),0,49,52,Active
PL_ACCA_CBLWENG_EN,IPXQ-198445855,ACCA Corporate & Business Law (LW-ENG) Study Text [Up to Aug 2025] (PB) #9781839966620,15,0,0,Not Required
TB_UGC_POLT_VTWO_EN,IPXQ-198445854,UGC NET/SET/JRF Paper 2 Political Science Theory Book Volume 2,278,141,152,Active
TB_UGC_POLT_VONE_EN,IPXQ-198445853,UGC NET/SET/JRF Paper 2 Political Science Theory Book Volume 1,286,140,154,Active
TB_UPSC_ATS_HI,IPXQ-198445851,Atlas - Hindi - У ТЄтУ ТЄтЂУ ТЅТУ ТЄТИУ ТЅХОУ ТЄТАУ ТЅТУ ТЄТЁ У ТЄТИУ ТЅТУ ТЄХИУ ТЅтУ ТЄТЁУ ТЅтЁУ ТЄтУ ТЄХИ У ТЄТУ ТЄХИУ ТЄТВУ ТЄТИ,62,0,0,Not Required
TB_UPSC_ISDM_HI,IPXQ-198445850,Internal Security and Disaster Management - Hindi,58,0,0,Not Required
TB_UPSC_ETH_HI,IPXQ-198445848,Ethics - Hindi,46,0,0,Not Required
TB_UPSC_INSY_HI,IPXQ-198445846,Indian Society - Hindi - У ТЄТ­У ТЄТОУ ТЄТАУ ТЄТЄУ ТЅтЌУ ТЄТЏ У ТЄТИУ ТЄТЎУ ТЄТОУ ТЄХ,51,0,0,Not Required
TB_UPSC_IR_HI,IPXQ-198445844,International Relations - Hindi - У ТЄтІУ ТЄТЈУ ТЅТУ ТЄТЄУ ТЄТАУ ТЅТУ ТЄТАУ ТЄТОУ ТЄТЗУ ТЅТУ ТЄХИУ ТЅТУ ТЄТАУ ТЅтЌУ ТЄТЏ У ТЄТИУ ТЄТЎУ ТЅТУ ТЄТЌУ ТЄТЈУ ТЅТУ ТЄТЇ,0,0,0,Not Required
PL_ACCA_AFM_EN,IPXQ-198444276,ACCA Advanced Financial Management (AFM) Study Text [Up to June 2025] (PB) #9781839966712,0,1,5,Active
PL_ACCA_SBR_EN,IPXQ-198444275,ACCA Strategic Business Reporting (SBR) Study Text [Up to June 2025] (PB) #9781839966683,14,17,18,Active
PL_ACCA_SBL_EN,IPXQ-198444274,Strategic Business Leader,0,0,1,Active
PL_ACCA_AA_EN,IPXQ-198444273,ACCA Audit & Assurance (AA) Study Text [Up to June 2025] (PB) #9781839966651,112,5,34,Active
PL_ACCA_FR_EN,IPXQ-198444272,ACCA Financial Reporting (FR),18,59,108,Active
PL_ACCA_FA_EN,IPXQ-198444271,ACCA Financial Accounting (FA),82,52,141,Active
PL_ACCA_MA_EN,IPXQ-198444270,ACCA Management Accounting (MA) Study Text [Up to Aug 2025] (PB) #9781839966569,116,19,62,Active
PL_ACCA_BT_EN,IPXQ-198444269,ACCA Business & Technology (BT),40,58,85,Active
TB_CSIR_MATSCT_AMT_EN,IPXQ-198442136,CSIR NET Mathematical Sciences Applied Mathematics Theory Book,114,5,13,Active
TB_CSIR_CHEMT_INO_EN,IPXQ-198442135,CSIR NET Chemical Sciences - Inorganic Chemistry Theory Book,90,14,26,Active
TB_CSIR_CHEMT_PHY_EN,IPXQ-198442134,CSIR NET Chemical Sciences - Physical Chemistry Theory Book,76,11,26,Active
TB_CSIR_CHEMT_ORG_EN,IPXQ-198442133,CSIR NET Chemical Sciences - Organic Chemistry Theory Book,107,10,17,Active
TB_CSIR_LSCT_VONE_EN,IPXQ-198442132,CSIR NET Life Science Theory Book Volume 1,47,11,21,Active
TB_CSIR_MATSCT_PMT_EN,IPXQ-198442131,CSIR NET Mathematical Sciences Pure Mathematics Theory Book,32,3,11,Active
TB_CSIR_LSCT_VTWO_EN,IPXQ-198442130,CSIR NET Life Science Theory Book Volume 2,128,5,10,Active
TB_CA_DEC_EN,IPXQ-198442125,"Pragyan Monthly Current Affairs December 2024 Useful for: RRB ALP, RRB Group D, RRB NTPC, SSC CGL, SSC CHSL, SSC CPO, SSC GD Constable, UP Police, UP Police Constable.",173,0,4,Not Required
TB_UGC_HSCT_VTWO_EN,IPXQ-198442124,UGC NET Paper 2 Home Science Theory Volume II,91,27,32,Active
TB_UGC_HSCT_VONE_EN,IPXQ-198442123,UGC NET Paper 2 Home Science Theory Volume I,64,31,48,Active
TB_UGC_HSCM_EN,IPXQ-198442122,UGC NET Paper 2 Home Science 2000+ MCQs En,2,0,0,Not Required
TB_UGC_SOCT_TWO_EN,IPXQ-198442121,UGC NET Paper 2 Sociology Theory Volume II,68,22,28,Active
TB_UGC_SOCT_VONE_EN,IPXQ-198442120,UGC NET Paper 2 Sociology Theory Volume I,119,24,30,Active
TB_CA_OCT_HI,IPXQ-198442117,PRAGYAN: Monthly Current Affairs October2024 - Hindi,1,0,0,Not Required
TB_SSC_COMP_HI,IPXQ-198442116,SSC Computer Science Hindi,253,0,0,Not Required
TB_SSC_COMP_EN,IPXQ-198442115,SSC Computer Science English,54,0,0,Not Required
TB_UGC_LAWM_EN,IPXQ-198442114,Paper 2 UGC Law MCQss,5,0,0,Not Required
TB_UGC_LAWT_VTWO_EN,IPXQ-198442113,Paper 2 UGC Law Theory Volume 2,125,44,59,Active
TB_UGC_LAWT_VONE_EN,IPXQ-198442112,Paper 2 UGC Law Theory Volume 1,115,40,57,Active
TB_RRB_GIR_HI,IPXQ-198442109,RRB JE General Intelligence and Reasoning 2000+ Topic Wise Practice Questions in Hindi,46,36,116,Active
TB_RRB_GIR_EN,IPXQ-198442108,RRB JE General Intelligence and Reasoning 2000+ Topic Wise Practice Questions in English,627,110,333,Active
TB_RRB_NTPC_EN,IPXQ-198442107,"RRB NTPC: Reasoning, Quants, GS & GK in English|4000+ Topic wise MCQs with Solution",28,0,0,Not Required
TB_RRB_CE_EN,IPXQ-198442106,RRB JE Civil Engineering 2000+ Topic Wise Practice Questions in English,440,25,101,Active
TB_RRB_EPC_HI,IPXQ-198442105,RRB JE Basics of Environment and Pollution Control 2000+ Topic Wise Practice Questions in Hindi,36,29,84,Active
TB_RRB_EPC_EN,IPXQ-198442104,RRB JE Basics of Environment and Pollution Control 2000+ Topic Wise Practice Questions in English,107,98,276,Active
TB_RRB_QA_EN,IPXQ-198442103,RRB JE Quantitative Aptitude 2000+ Topic Wise Practice Questions in English,349,136,398,Active
TB_RRB_GA_HI,IPXQ-198442102,RRB JE General Awareness 2000+ Topic Wise Practice Questions in Hindi,117,32,90,Active
TB_RRB_GA_EN,IPXQ-198442101,RRB JE General Awareness 2000+ Topic Wise Practice Questions in English,668,97,279,Active
TB_RRB_EE_EN,IPXQ-198442100,RRB JE Electrical Engineering 2000+ Topic Wise Practice Questions in English,484,49,174,Active
TB_RRB_ME_EN,IPXQ-198442099,RRB JE Mechanical Engineering 2000+ Topic Wise Practice Questions in English,116,37,98,Active
TB_RRB_GS_HI,IPXQ-198442098,RRB JE General Science 2000+ Topic Wise Practice Questions in Hindi,200,29,81,Active
TB_RRB_GS_EN,IPXQ-198442097,RRB JE General Science 2000+ Topic Wise Practice Questions in English,458,152,432,Active
TB_RRB_ECE_EN,IPXQ-198442096,RRB JE Electronics Engineering 2000+ Topic Wise Practice Questions in English,138,18,87,Active
TB_RRB_QA_HI,IPXQ-198442095,RRB JE Quantitative Aptitude 2000+ Topic Wise Practice Questions in Hindi,96,48,134,Active
TB_RRB_NTPC_HI,IPXQ-198442094,"RRB NTPC: Reasoning, Quants, GS & GK in Hindi|4000+ Topic wise MCQs with Solution",36,132,858,Active
TB_SB_BAN_ENG_EN,IPXQ-198442093,Banking - English Smartbook (Conceptual Notes with 2500+ MCQs),14,1,1,Not Required
TB_SB_BAN_RE_EN,IPXQ-198442092,Banking - Reasoning Smartbook (Conceptual Notes with 2500+ MCQs),8,0,0,Not Required
TB_SB_BAN_QA_EN,IPXQ-198442091,Banking - Quantitative Aptitude & DI Smartbook (Conceptual Notes with 2500+ MCQs),9,0,0,Not Required
TB_RAIL_MAT_BN,IPXQ-198442090,: 3000 MCQ,36,24,270,Active
TB_RAIL_MAT_MR,IPXQ-198442089,Railway Marathi Book,975,143,405,Active
TB_RAIL_GA_HI,IPXQ-198442088,Railway General Awareness in Hindi Language,65,67,145,Active
TB_RAIL_GIR_HI,IPXQ-198442087,Railway Reasoning in Hindi Language,344,49,87,Active
TB_RAIL_GS_HI,IPXQ-198442086,: 3000 MCQ Hindi Medium,15,58,108,Active
TB_RAIL_GS_EN,IPXQ-198442085,Railway: General Science | 3000+ MCQs,23,0,0,Not Required
TB_UGC_HIST_VONE_EN,IPXQ-198442084,UGC NET Paper 2 History Theory Volume I En,182,90,102,Active
TB_UGC_HIST_VTWO_EN,IPXQ-198442083,UGC NET Paper 2 History Theory Volume II En,204,84,95,Active
TB_UGC_COMMT_VTWO_EN,IPXQ-198442082,UGC NET Paper 2 Commerce Theory Volume II En,156,39,59,Active
TB_UGC_COMMT_VONE_EN,IPXQ-198442081,UGC NET Paper 2 Commerce Theory Volume I En,161,41,55,Active
TB_UGC_GEOT_VTWO_EN,IPXQ-198442080,UGC NET Paper 2 Geography Theory Volume II En,391,26,31,Active
TB_UGC_GEOT_VONE_EN,IPXQ-198442079,UGC NET Paper 2 Geography Theory Volume I En,306,24,32,Active
TB_UGC_EDUT_VTWO_EN,IPXQ-198442078,UGC NET Paper 2 Education Theory Volume II En,221,38,41,Active
TB_UGC_EDUT_VONE_EN,IPXQ-198442077,UGC NET Paper 2 Education Theory Volume I En,296,46,58,Active
TB_RAIL_MAT_HI,IPXQ-198442076,Railway Mathematics in Hindi Language,351,50,87,Active
TB_UPSC_EVS_HI,IPXQ-198442075,Environemnt - Hindi - У ТЄТЊУ ТЄТАУ ТЅТУ ТЄТЏУ ТЄТОУ ТЄТЕУ ТЄТАУ ТЄТЃ У ТЄТУ ТЄТЕУ ТЄт У ТЄТЊУ ТЄТАУ ТЄТПУ ТЄТИУ ТЅТУ ТЄТЅУ ТЄТПУ ТЄТЄУ ТЄТПУ ТЄтЂУ ТЅтЌ,38,0,0,Not Required
TB_UPSC_IWGEO_HI,IPXQ-198442074,India and World Geography - Hindi - У ТЄТ­У ТЄТОУ ТЄТАУ ТЄТЄ У ТЄТУ ТЄТЕУ ТЄт У ТЄТЕУ ТЄТПУ ТЄТЖУ ТЅТУ ТЄТЕ У ТЄтЂУ ТЄТО У ТЄТ­У ТЅТУ ТЄтУ ТЅтЙУ ТЄТВ,63,0,0,Not Required
TB_RAIL_GIR_EN,IPXQ-198442073,Railway: General Intelligence & Reasoning | 3000+ MCQs,28,0,0,Not Required
TB_RAIL_MAT_EN,IPXQ-198442072,Railway: Mathematics | 3000+ MCQs,21,0,0,Not Required
TB_RAIL_GA_EN,IPXQ-198442071,Railway: General Awareness | 3000+ MCQs,48,0,8,Not Required
TB_CSIR_LSCM_EN,IPXQ-198442070,CSIR NET Life Sciences (2019-2023) MCQs Book,4,8,14,Active
TB_CSIR_CHEMSCM_EN,IPXQ-198442069,CSIR NET Chemical Sciences (2019-2023) MCQs Book,52,3,18,Active
TB_UGC_PTWO_CSC_EN,IPXQ-198442065,UGC NET/SET/JRF Computer Science Best 2000+ MCQs,3,0,0,Not Required
TB_UPSC_SAT_HI,IPXQ-198442064,Science and Tech - Hindi - У ТЄТЕУ ТЄТПУ ТЄХУ ТЅТУ ТЄХОУ ТЄТОУ ТЄТЈ У ТЄтУ ТЄТА У ТЄТЊУ ТЅТУ ТЄТАУ ТЅтЙУ ТЄТІУ ТЅТУ ТЄТЏУ ТЅтЙУ ТЄтУ ТЄТПУ ТЄтЂУ ТЅтЌ,50,0,0,Not Required
TB_UPSC_ECO_HI,IPXQ-198442062,Economy - Hindi - У ТЄТ­У ТЄТОУ ТЄТАУ ТЄТЄУ ТЅтЌУ ТЄТЏ У ТЄтІУ ТЄТАУ ТЅТУ ТЄТЅУ ТЄТЕУ ТЅТУ ТЄТЏУ ТЄТЕУ ТЄТИУ ТЅТУ ТЄТЅУ ТЄТО,50,0,0,Not Required
TB_UPSC_IPOL_HI,IPXQ-198442061,Polity - Hindi - У ТЄТ­У ТЄТОУ ТЄТАУ ТЄТЄУ ТЅтЌУ ТЄТЏ У ТЄТАУ ТЄТОУ ТЄХУ ТЄТЕУ ТЅТУ ТЄТЏУ ТЄТЕУ ТЄТИУ ТЅТУ ТЄТЅУ ТЄТО,51,0,0,Not Required
TB_UPSC_WHIS_HI,IPXQ-198442060,World history - Hindi - У ТЄТИУ ТЄТЎУ ТЄтЂУ ТЄТОУ ТЄТВУ ТЅтЌУ ТЄТЈ У ТЄТЕУ ТЄТПУ ТЄТЖУ ТЅТУ ТЄТЕ У ТЄтЂУ ТЄТО У ТЄтЁУ ТЄТЄУ ТЄТПУ ТЄТЙУ ТЄТОУ ТЄТИ 1890 - 2008,50,0,0,Not Required
TB_UPSC_MHIS_HI,IPXQ-198442059,Modern history - Hindi - У ТЄт У ТЄТЇУ ТЅТУ ТЄТЈУ ТЄТПУ ТЄтЂ У ТЄТ­У ТЄТОУ ТЄТАУ ТЄТЄ У ТЄтЂУ ТЄТО У ТЄтЁУ ТЄТЄУ ТЄТПУ ТЄТЙУ ТЄТОУ ТЄТИ,48,0,0,Not Required
TB_UPSC_MVHIS_HI,IPXQ-198442058,Medieval history - Hindi - У ТЄТЎУ ТЄТЇУ ТЅТУ ТЄТЏУ ТЄтЂУ ТЄТОУ ТЄТВУ ТЅтЌУ ТЄТЈ У ТЄТ­У ТЄТОУ ТЄТАУ ТЄТЄ У ТЄтЂУ ТЄТО У ТЄтЁУ ТЄТЄУ ТЄТПУ ТЄТЙУ ТЄТОУ ТЄТИ,49,0,0,Not Required
TB_UPSC_AHIS_HI,IPXQ-198442056,Ancient History - Hindi - У ТЄТЊУ ТЅТУ ТЄТАУ ТЄТОУ ТЄТАУ ТЄТЎУ ТЅТУ ТЄТ­У ТЄТПУ ТЄтЂ У ТЄТ­У ТЄТОУ ТЄТАУ ТЄТЄ У ТЄтЂУ ТЄТО У ТЄТЊУ ТЄТАУ ТЄТПУ ТЄХЁУ ТЄТЏ,55,0,0,Not Required
TB_UPSC_AAC_HI,IPXQ-198442055,Art and Culture - Hindi - У ТЄТ­У ТЄТОУ ТЄТАУ ТЄТЄУ ТЅтЌУ ТЄТЏ У ТЄтЂУ ТЄТВУ ТЄТО У ТЄТУ ТЄТЕУ ТЄт У ТЄТИУ ТЄтУ ТЄТИУ ТЅТУ ТЄтЂУ ТЅЦУ ТЄТЄУ ТЄТП,43,0,0,Not Required
TB_TGT_SST_HI,IPXQ-198442054,TGT : 3000+ ,114,1,2,Not Required
TB_UGC_PTWO_POL_EN,IPXQ-198442053,UGC NET/SET/JRF Political Science Best 2000+ MCQs,0,0,0,Not Required
TB_UGC_PTWO_HI,IPXQ-198442052,UGC NET/SET/JRF Hindi Best 2000+ MCQs,1,0,0,Not Required
TB_UGC_PTWO_MGMT_EN,IPXQ-198442050,UGC NET/SET/JRF Management Best 2000+ MCQs,3,0,0,Not Required
TB_TGT_SST_EN,IPXQ-198442048,TGT : Social Science - Best 3000+ Questions,117,2,5,Not Required
TB_UGC_PTWO_EN,IPXQ-198442046,UGC NET/SET/JRF English Best 2000+ MCQs,5,0,0,Not Required
TB_UGC_PTWO_ECO_EN,IPXQ-198442045,UGC NETSETJRF Economics Best 2000 MCQs,5,0,0,Not Required
TB_UGC_PTWO_SCIY_EN,IPXQ-198442044,UGC NET/SET/JRF Sociology Best 2000+ MCQs,11,0,0,Not Required
TB_UGC_PTWO_EDU_EN,IPXQ-198442043,UGC NETSETJRF Education Best 2000 MCQs,3,0,0,Not Required
TB_UGC_PTWO_COMM_EN,IPXQ-198442041,UGC NET/SET/JRF Commerce Best 2000+ MCQs,3,0,0,Not Required
TB_UGC_PTWO_GEO_EN,IPXQ-198442040,UGC NETSETJRF Geography Best 2000 MCQs,6,6,0,Not Required
TB_UGC_PTWO_HIS_EN,IPXQ-198442036,UGC NET/SET/JRF History Best 2000+ MCQs,3,0,0,Not Required
TB_JUD_NIBI_HI,IPXQ-198442024,Banking Law In Hindi,39,0,0,Not Required
TB_GEN_CA_HI,IPXQ-198442020,Current Affairs 2024 Hindi,134,1,3,Not Required
TB_DSSSB_PONE_HI,IPXQ-198442019,DSSSB У ТЄТЊУ ТЅтЁУ ТЄТЊУ ТЄТА 1 У ТЄТИУ ТЄТОУ ТЄТЎУ ТЄТОУ ТЄТЈУ ТЅТУ ТЄТЏ У ТЄТЊУ ТЅтЁУ ТЄТЊУ ТЄТА 3000+ MCQs,266,10,18,Active
TB_DSSSB_PONE_EN,IPXQ-198442018,DSSSB Paper 1 General Paper 3000+ MCQs,77,11,17,Active
TB_DSSSB_NIOS_EN,IPXQ-198442017,DSSSB NIOS : Educational Psychology & Pedagogy,244,24,38,Active
TB_DSSSB_NIOS_HI,IPXQ-198442014,DSSSB NIOS,150,11,22,Active
TB_GEN_CA_EN,IPXQ-198442012,Current Affairs Year Book 2024 StateSSCDefencePoliceRailway exams,1,0,4,Not Required
TB_UGC_PONE_EN,IPXQ-198442011,UGC NET/SET/JRF Paper 1 Teaching and Research Aptitude Latest PYPs Book,723,548,556,Active
TB_UPSC_GST_EN,IPXQ-198442010,General Studies | Nirnay IAS for UPSC CSE & State PSC Exams,131,0,1,Not Required
TB_UPSC_CSAT_EN,IPXQ-198442009,CSAT | Nirnay IAS for UPSC CSE & State PSC Exams,116,0,1,Not Required
TB_SSC_ME_EN,IPXQ-198441991,SSC JE Mechanical Engineering Bookset,451,15,29,Not Required
TB_SSC_CE_EN,IPXQ-198441990,SSC Civil Engineering Book,44,3,3,Not Required
TB_SSC_EE_EN,IPXQ-198441989,SSC Electrical Engineering Book,37,0,0,Not Required
TB_SSC_GIRT_EN,IPXQ-198441988,SSC: General Intelligence & Reasoning | Theory + MCQs: Best 1200 + Qs,70,17,108,Active
TB_SSC_QAT_EN,IPXQ-198441987,SSC: Quantitative Aptitude | Theory + MCQs: Best 1200+ Qs,158,13,94,Active
TB_SSC_ENT_EN,IPXQ-198441986,SSC: English Language | Theory + MCQs: Best 1200+ Qs,161,24,118,Active
TB_SSC_GIR_HI,IPXQ-198441985,SSC: Tarkik Abhiyogita | Pichle Varsh (2022-23) Ke Sarvashreshth 3000+ Vishayawar Prashn,164,1,2,Not Required
TB_SSC_GIR_EN,IPXQ-198441984,SSC: General Intelligence & Reasoning | Best 3000+ Topic Wise Previous Year Questions (2022-23),57,0,2,Not Required
TB_SSC_GK_ENG,IPXQ-198441983,SSC: General Knowledge | Best 3000+ Topic Wise Previous Year Questions (2022-23),177,0,2,Not Required
TB_SSC_QAT_HI,IPXQ-198441982,SSC:1200+Qs,30,8,32,Active
TB_SSC_GIRT_HI,IPXQ-198441981,SSC: 1200+Qs,56,6,30,Active
TB_UGC_HINT_VTWO_HI,IPXQ-198439743,UGC NET Paper 2 Hindi Theory Vol. 2,75,19,33,Active
TB_UGC_HINT_VONE_HI,IPXQ-198439742,UGC NET Paper 2 Hindi Theory Vol. 1,82,22,30,Active
TB_CA_FEB_25_EN,IPXQ-198439741,Pragyan Monthly Current Affairs т February 2025,11,0,1,Not Required
TB_JUD_FULLSET_HI,IPXQ-198408680,Judiciary New Combo Hindi,305,0,0,Not Required
TBC_UPSC_HI,IPXQ-198408679,UPSC Combo in Hindi,71,11,29,Active
TBC_UPSC_EN,IPXQ-198408678,UPSC Combo in English,8,7,63,Active
TB_GEN_CA_25_EN,IPXQ-198408675,"Pragyan Yearly Current Affairs 2025 (Jan-Dec 2024) | Railway, SSC, Defence, Police, Banking & State Exams",345,66,175,Active
TB_JUD_FULLSET_EN,IPXQ-198408674,Judiciary English Combo - New,319,0,0,Not Required
TB_CA_JAN_25_EN,IPXQ-198408673,PRAGYAN: Monthly Current Affairs January 2025,185,2,3,Not Required
TB_JUD_CIPC_EN,IPXQ-198408671,Civil Procedure Code,100,1,3,Not Required
TB_JUD_BSA_EN,IPXQ-198408669,Bhartiya Sakshya Adhiniyam,115,0,1,Not Required
TB_JUD_BNS_EN,IPXQ-198408668,Bhartiya Nyaya Sanhita,117,5,6,Not Required
TB_JUD_BNSS_EN,IPXQ-198408667,Bhartiya Nagrik Suraksha Sanhita,92,3,4,Not Required
TB_JUD_FL_EN,IPXQ-198408666,Family Law,112,3,4,Not Required
TB_JUD_MLT_EN,IPXQ-198408665,Minor Law - II,116,1,3,Not Required
TB_JUD_JUR_EN,IPXQ-198408664,Jurisprudence,52,15,30,Active
TB_JUD_MCQ_EN,IPXQ-198408663,MCQ Handbook for Judiciary Aspirants: 2000+ Practice Questions,83,9,21,Active
TB_JUD_CAL_EN,IPXQ-198408662,Constitutional & Administrative Law,78,4,9,Not Required
TB_JUD_LAWT_EN,IPXQ-198408661,Law of Torts,103,6,11,Not Required
TB_JUD_MLO_EN,IPXQ-198408660,Minor Law - I,112,1,3,Not Required
TB_JUD_PLAW_EN,IPXQ-198408658,Property Law,106,4,7,Not Required
TB_MSS_GIR_MR,IPXQ-198408652,All in one Reasoning Marathi 2500+ MCQs,257,149,390,Active
TB_UPSC_IWG_HI,IPXQ-198408651,Indian and World Geography- У ТЄТ­У ТЄТОУ ТЄТАУ ТЄТЄ У ТЄТУ ТЄТЕУ ТЄт У ТЄТЕУ ТЄТПУ ТЄТЖУ ТЅТУ ТЄТЕ У ТЄтЂУ ТЄТО У ТЄТ­У ТЅтУ ТЄтУ ТЅтЙУ ТЄТВ,6,7,16,Active
TB_UPSC_AMH_HI,IPXQ-198408650,Ancient and Medieval History,7,5,14,Active
TB_UPSC_IAC_HI,IPXQ-198408649,Art and Culture- У ТЄТ­У ТЄТОУ ТЄТАУ ТЄТЄУ ТЅтЌУ ТЄТЏ У ТЄтЂУ ТЄТВУ ТЄТО У ТЄТУ ТЄТЕУ ТЄт У ТЄТИУ ТЄтУ ТЄТИУ ТЅТУ ТЄтЂУ ТЅЦУ ТЄТЄУ ТЄТП,38,5,7,Active
TB_UPSC_MH_HI,IPXQ-198408648,Modern History- У ТЄт У ТЄТЇУ ТЅТУ ТЄТЈУ ТЄТПУ ТЄтЂ У ТЄТ­У ТЄТОУ ТЄТАУ ТЄТЄ У ТЄтЂУ ТЄТО У ТЄтЁУ ТЄТЄУ ТЄТПУ ТЄТЙУ ТЄТОУ ТЄТИ,32,2,3,Active
TB_UPSC_IECO_HI,IPXQ-198408647,Indian Economy- У ТЄТ­У ТЄТОУ ТЄТАУ ТЄТЄ У ТЄтЂУ ТЅтЌ У ТЄтІУ ТЄТАУ ТЅТУ ТЄТЅУ ТЄТЕУ ТЅТУ ТЄТЏУ ТЄТЕУ ТЄТИУ ТЅТУ ТЄТЅУ ТЄТО,41,2,2,Active
TB_UPSC_POL_HI,IPXQ-198408646,Indian Polity- У ТЄТ­У ТЄТОУ ТЄТАУ ТЄТЄУ ТЅтЌУ ТЄТЏ У ТЄТАУ ТЄТОУ ТЄХУ ТЄТЕУ ТЅТУ ТЄТЏУ ТЄТЕУ ТЄТИУ ТЅТУ ТЄТЅУ ТЄТО,37,1,1,Active
TB_UPSC_EIA_HI,IPXQ-198408645,"Ethics, Integrity and Aptitude",30,1,8,Active
TB_UPSC_IWG_EN,IPXQ-198408644,Indian and World Geography,46,3,7,Active
TB_UPSC_AMH_EN,IPXQ-198408643,Ancient and Medieval History,31,6,13,Active
TB_UPSC_IAC_EN,IPXQ-198408642,Art and Culture,49,3,6,Active
TB_UPSC_MH_EN,IPXQ-198408641,Modern History,44,4,6,Active
TB_UPSC_IECO_EN,IPXQ-198408639,Indian Economy,36,5,7,Active
TB_UPSC_POL_EN,IPXQ-198408638,Indian Polity,19,5,9,Active
TB_UPSC_EIA_EN,IPXQ-198408637,"Ethics, Integrity and Aptitude",44,4,7,Active
TB_CA_NOV_EN,IPXQ-198408634,Pragyan Monthly Current Affairs November 2024,385,0,0,Not Required
TB_SSC_GD_25_EN,IPXQ-198408617,SSC GD Constable 2025 5000 Chapterwise PYQs,55,106,402,Not Required
TB_SSC_GSP_DY_EN,IPXQ-198408615,SSC GSP DIary 2025,113,0,0,Not Required
TB_UGC_ENT_VTWO_EN,IPXQ-198408613,Paper 2 UGC English Theory Volume 2,108,90,136,Active
TB_UGC_ENT_VONE_EN,IPXQ-198408612,Paper 2 UGC English Theory Volume 1,119,70,113,Active
TB_CA_OCT_EN,IPXQ-198408611,PRAGYAN: Monthly Current Affairs OctoberУЏТПТН2024 - English,114,3,16,Not Required
TB_SSC_DY_EN,IPXQ-198408596,SSC Diary,0,1,1,Not Required
TB_UPSC_FULLCOMBO_EN,IPXQ-198408594,Nirnay English Fullset,16,1,5,Active
TB_UP_PCM_15,IPXQ-198408593,Uttar Pradesh Police Constable 15 Practice Sets,116,10,14,Not Required
TB_SSC_GD_MTH,IPXQ-198408460,SSC GD 3500 Marathi Medium,114,27,96,Active
TB_AEJE_ME_EN,IPXQ-198408457,AE JE Exams Mechanical Engineering Best 4500 Topic Wise Questions,2,1,1,Not Required
TB_AEJE_EE_EN,IPXQ-198408455,AE JE Exams Electrical Engineering Best 4500 Topic Wise Questions,10,0,0,Not Required
TB_CSIR_LSC_EN,IPXQ-198408444,Nta Csir Ugc - Net/jrf/set Life Science,0,0,0,Not Required
TB_CSIR_CSCA_EN,IPXQ-198408439,Nta Csir Ugc - Net/jrf/set Computer Sci & Applications-2,0,0,0,Not Required
TB_UGC_ENG_PTWO_EN,IPXQ-198408437,Nta Ugc - Net/jrf/set English Paper-2,0,0,0,Not Required
TB_UGC_MGT_PTWO_EN,IPXQ-198408434,Nta Ugc - Net/jrf/set Management Paper- 2,0,0,0,Not Required
TB_UGC_ECO_PTWO_EN,IPXQ-198408433,Nta Ugc - Net/jrf/set Economics Paper-2,0,0,0,Not Required
TB_UGC_HIN_PTWO_HI,IPXQ-198408432,Nta Ugc - Net/jrf/set Hindi Paper-2,0,0,0,Not Required
TB_UGC_SANS_PTWO_EN,IPXQ-198408425,Nta Ugc - Net/jrf/set Sanskrit Paper- 2,1,0,0,Not Required
TB_UGC_PE_EN,IPXQ-198408420,Nta Ugc - Net/jrf/set Physical Education-2 (e),0,0,0,Not Required
TB_MPSC_24_CSAT_UA,IPXQ-198408407,C-SAT (All New Version 2022) - MPSC 2024,4,0,0,Not Required
TB_MPSC_24_ECO_UA,IPXQ-198408405,Indian Economy - MPSC 2024,29,0,0,Not Required
TB_MPSC_24_ST_UA,IPXQ-198408404,Science and Technology Development - MPSC 2024,33,0,0,Not Required
TB_MPSC_24_HR_UA,IPXQ-198408402,Human Rights MPSC 2024,31,0,0,Not Required
TB_MPSC_24_POL_UA,IPXQ-198408401,Indian Constitution and Indian Polity - MPSC 2024,3,0,0,Not Required
TB_MPSC_24_ENV_UA,IPXQ-198408400,Environmental Science - MPSC 2024,34,0,0,Not Required
TB_MPSC_24_GEO_UA,IPXQ-198408399,Natural Geography and Human Geography - MPSC 2024,46,0,0,Not Required
TB_MPSC_24_AMHIS_U A,IPXQ-198408398,History of Ancient and Medieval India: With Special Reference to Maharashtra - MPSC 2024,27,0,0,Not Required
TB_MPSC_24_MGEO_U A,IPXQ-198408397,Geography of Maharshtra - MPSC 2024,29,0,0,Not Required
TB_MPSC_24_MHIS_UA,IPXQ-198408396,History of Modern India - MPSC 2024,0,0,0,Not Required
TB_AEJE_CE_EN,IPXQ-198408395,AE JE Exams Civil Engineering Best 4500 Topic Wise Questions,51,2,2,Not Required
TB_SSC_GD_HI,IPXQ-198408390,SSC GD 3500+,36,14,40,Active
TB_SSC_GD_EN,IPXQ-198408389,SSC GD English Language,2,0,0,Not Required
TB_CTET_PTWO_SM_HI,IPXQ-198408388,CTET & State TET : Paper 2 with Science & Maths - Hindi,3,2,29,Not Required
TB_CTET_PTWO_SM_EN,IPXQ-198408387,CTET & State TET : Paper 2 with Science & Maths - English,6,0,0,Not Required
TB_CTET_PTWO_SS_HI,IPXQ-198408386,CTET & State TET : Paper 2 with Social Science - Hindi,7,0,0,Not Required
TB_CTET_PTWO_SS_EN,IPXQ-198408385,CTET & State TET : Paper 2 with Social Science - English,14,0,0,Not Required
TB_CTET_PONE_HI,IPXQ-198408384,CTET & State TET: Paper 1 - Best 3000+ Questions - Hindi,9,0,63,Not Required
TB_UPSC_EAD_EN,IPXQ-198408383,Environment & Disaster | Nirnay IAS for UPSC CSE & State PSC Exams,325,1,4,Not Required
TB_UPSC_ETH_EN,IPXQ-198408382,Ethics | Nirnay IAS for UPSC CSE & State PSC Exams,352,0,0,Not Required
TB_UPSC_INSY_EN,IPXQ-198408381,Indian Society | Nirnay IAS for UPSC CSE & State PSC Exams,338,1,1,Not Required
TB_UPSC_SJ_EN,IPXQ-198408380,Social Justice | Nirnay IAS for UPSC CSE & State PSC Exams,237,0,0,Not Required
TB_CTET_PONE_EN,IPXQ-198408379,CTET & State TET: Paper 1 - Best 3000+ Questions - English,227,1,10,Not Required
TB_BH_GK_HN,IPXQ-198408378,3000+ MCQs,1,23,53,Active
TBN_UPSC_WG_ENG,IPXQ-198408372,World Geography,391,1,2,Not Required
TBN_UPSC_IG_ENG,IPXQ-198408371,Indian Geography,400,3,5,Not Required
TB_UPSC_NAV_ENG,IPXQ-198408370,Navigator,884,457,866,Active
TB_BAN_RE_EN,IPXQ-198408367,Banking: Reasoning in English | Best 2000+ MCQ Questions,21,0,0,Not Required
TB_UPSC_CB_EN,IPXQ-198408366,Essay Ethics/ Cheatbook,841,476,910,Active
TB_UPSC_IPOL_EN,IPXQ-198408365,Indian Polity | Nirnay IAS,157,0,2,Not Required
TB_UPSC_MVHIS_EN,IPXQ-198408364,Medieval History Nirnay IAS for UPSC CSE State PSC Exams,155,0,0,Not Required
TB_UPSC_SAT_EN,IPXQ-198408363,Science & Technology | Nirnay IAS for UPSC CSE & State PSC Exams,427,3,3,Not Required
TB_UPSC_IR_EN,IPXQ-198408362,International Relations | Nirnay IAS,223,1,2,Not Required
TB_UPSC_IS_EN,IPXQ-198408361,Internal Security | Nirnay IAS for UPSC CSE & State PSC Exams,436,2,2,Not Required
TB_UPSC_ECO_EN,IPXQ-198408360,Indian Economy Nirnay IAS for UPSC CSE State PSC Exams,152,2,4,Not Required
TB_UPSC_GIN_EN,IPXQ-198408359,Governance in India Nirnay IAS for UPSC CSE State PSC Exams,109,2,2,Not Required
TB_UPSC_GS_EN,IPXQ-198408358,General Science | Nirnay IAS for UPSC CSE & State PSC Exams,374,1,1,Not Required
TB_UPSC_AAC_EN,IPXQ-198408357,Art & Culture,149,1,2,Not Required
TB_UPSC_PI_EN,IPXQ-198408342,Post Independence-Nirnay IAS for UPSC CSE & State PSC Exams,379,2,3,Not Required
TB_UPSC_MHIS_EN,IPXQ-198408341,Modern History-Nirnay IAS for UPSC CSE & State PSC Exams,389,0,3,Not Required
TB_UPSC_WHIS_EN,IPXQ-198408335,World History,374,3,6,Not Required
TB_UPSC_AHIS_EN,IPXQ-198408328,Ancient History,386,2,3,Not Required
TB_UPSC_WG_EN,IPXQ-198408320,UPSC: World Geography for UPSC CSE & State PCS Exams,22,1,3,Not Required
TB_UP_GK_HI,IPXQ-198408319,UP GK Hindi,12,0,0,Not Required
TB_SSC_GKT_HI,IPXQ-198408317,SSC: 1200+Qs,83,11,41,Active
TB_SSC_GKT_ENG,IPXQ-198408316,SSC: General Knowledge | Theory + MCQs: Best 1200+ Qs,58,30,111,Active
TB_SSC_EN_EN,IPXQ-198408315,SSC: English Language | Best 3000+ Topic Wise Previous Year Questions (2022-23),60,1,4,Not Required
TB_SSC_QA_HIN,IPXQ-198408314,SSC: Sankhyatmak Abhiyogita | Pichle Varsh (2022-23) Ke Sarvashreshth 3000+ Vishayawar Prashn,481,4,10,Not Required
TB_SSC_QA_ENG,IPXQ-198408313,SSC: Quantitative Aptitude | Best 3000+ Topic Wise Previous Year Questions (2022-23),47,0,2,Not Required
TB_SSC_GK_HIN,IPXQ-198408312,SSC: 1200+Qs,342,9,22,Not Required
TB_UPSC_DY_EN,IPXQ-198408311,Ravi Sir Diary,873,457,868,Active
TB_EMRS_GP_HI,IPXQ-198408282,EMRS : 2500,36,1,2,Not Required
TB_EMRS_GP_EN,IPXQ-198408281,EMRS : General Paper ( English Medium) | Best 2500+ Questions,0,0,0,Not Required
TB_CTET_SM_HIN,IPXQ-198408277,CTET & State TET : Paper 2 with Science & Maths,10,0,0,Not Required
TB_CTET_SS_HIN,IPXQ-198408276,CTET & State TET : Paper 2 with Social Science,144,0,0,Not Required
TB_CTET_SM_ENG,IPXQ-198408275,CTET & State TET : Science & Maths - Best 4000+ Question for Paper 1 + Paper 2 in English,108,17,94,Active
TB_CTET_SS_ENG,IPXQ-198408274,CTET & State TET : Paper 2 with Social Science,247,0,0,Not Required
TB_DSSB_EPP_HI,IPXQ-198408272,DSSSB CDP Hindi,1,0,0,Not Required
TB_DSSB_EPP_EN,IPXQ-198408271,DSSSB : Educational Psychology & Pedagogy | Best 3000+ Topic Wise Questions,232,0,0,Not Required